timestamp,price_dollar,sells
1533258000000,1.743,109
1533344400000,1.181,137
1533430800000,0.973,102
1533517200000,0.873,121
1533603600000,0.849,90
1533690000000,0.896,100
1533776400000,0.9,64
1533862800000,0.729,88
1533949200000,0.683,97
1534035600000,0.672,101
1534122000000,0.619,90
1534208400000,0.599,84
1534294800000,0.618,91
1534381200000,0.692,74
1534467600000,0.583,83
1534554000000,0.583,79
1534640400000,0.532,99
1534726800000,0.574,65
1534813200000,0.567,86
1534899600000,0.541,106
1534986000000,0.513,105
1535072400000,0.578,110
1535158800000,0.621,67
1535245200000,0.527,88
1535331600000,0.469,79
1535418000000,0.485,88
1535504400000,0.498,108
1535590800000,0.467,89
1535677200000,0.441,82
1535763600000,0.457,107
1535850000000,0.475,82
1535936400000,0.47,124
1536022800000,0.469,77
1536109200000,0.458,69
1536195600000,0.444,77
1536282000000,0.427,105
1536368400000,0.433,98
1536454800000,0.409,120
1536541200000,0.41,99
1536627600000,0.419,92
1536714000000,0.414,80
1536800400000,0.382,90
1536886800000,0.397,118
1536973200000,0.389,99
1537059600000,0.401,110
1537146000000,0.409,84
1537232400000,0.412,78
1537318800000,0.413,69
1537405200000,0.413,68
1537491600000,0.41,83
1537578000000,0.408,128
1537664400000,0.369,101
1537750800000,0.368,91
1537837200000,0.376,120
1537923600000,0.407,91
1538010000000,0.409,63
1538096400000,0.405,105
1538182800000,0.393,129
1538269200000,0.393,183
1538355600000,0.402,123
1538442000000,0.389,55
1538528400000,0.396,106
1538614800000,0.386,102
1538701200000,0.361,137
1538787600000,0.378,234
1538874000000,0.409,127
1538960400000,0.372,140
1539046800000,0.388,81
1539133200000,0.372,109
1539219600000,0.372,97
1539306000000,0.363,94
1539392400000,0.345,165
1539478800000,0.339,103
1539565200000,0.351,81
1539651600000,0.348,84
1539738000000,0.33,155
1539824400000,0.336,83
1539910800000,0.319,131
1539997200000,0.318,167
1540083600000,0.27,99
1540170000000,0.282,117
1540256400000,0.274,74
1540342800000,0.254,75
1540429200000,0.25,93
1540515600000,0.264,82
1540602000000,0.246,114
1540688400000,0.258,123
1540774800000,0.253,78
1540861200000,0.243,95
1540947600000,0.247,99
1541034000000,0.237,109
1541120400000,0.236,117
1541206800000,0.242,110
1541293200000,0.259,174
1541379600000,0.251,104
1541466000000,0.26,72
1541552400000,0.257,93
1541638800000,0.252,90
1541725200000,0.261,100
1541811600000,0.262,116
1541898000000,0.251,121
1541984400000,0.248,104
1542070800000,0.232,83
1542157200000,0.263,96
1542243600000,0.25,93
1542330000000,0.234,116
1542416400000,0.233,120
1542502800000,0.234,98
1542589200000,0.236,110
1542675600000,0.219,110
1542762000000,0.211,120
1542848400000,0.213,121
1542934800000,0.213,115
1543021200000,0.211,128
1543107600000,0.213,99
1543194000000,0.221,103
1543280400000,0.219,59
1543366800000,0.238,65
1543453200000,0.228,75
1543539600000,0.217,101
1543626000000,0.234,119
1543712400000,0.228,115
1543798800000,0.232,85
1543885200000,0.23,101
1543971600000,0.228,85
1544058000000,0.234,112
1544144400000,0.227,114
1544230800000,0.22,152
1544317200000,0.239,251
1544403600000,0.229,118
1544490000000,0.245,154
1544576400000,0.258,93
1544662800000,0.249,95
1544749200000,0.248,100
1544835600000,0.236,132
1544922000000,0.243,151
1545008400000,0.225,103
1545094800000,0.222,100
1545181200000,0.203,131
1545267600000,0.216,97
1545354000000,0.211,173
1545440400000,0.223,111
1545526800000,0.21,104
1545613200000,0.218,117
1545699600000,0.224,105
1545786000000,0.233,97
1545872400000,0.223,109
1545958800000,0.227,103
1546045200000,0.225,144
1546131600000,0.227,157
1546218000000,0.233,98
1546304400000,0.238,134
1546390800000,0.221,134
1546477200000,0.234,110
1546563600000,0.229,110
1546650000000,0.252,171
1546736400000,0.246,112
1546822800000,0.237,104
1546909200000,0.244,113
1546995600000,0.26,103
1547082000000,0.264,106
1547168400000,0.266,121
1547254800000,0.26,113
1547341200000,0.259,131
1547427600000,0.253,106
1547514000000,0.274,89
1547600400000,0.276,118
1547686800000,0.265,86
1547773200000,0.263,87
1547859600000,0.263,129
1547946000000,0.254,110
1548032400000,0.242,131
1548118800000,0.236,120
1548205200000,0.25,133
1548291600000,0.275,92
1548378000000,0.268,176
1548464400000,0.267,128
1548550800000,0.27,130
1548637200000,0.249,98
1548723600000,0.248,94
1548810000000,0.24,103
1548896400000,0.252,106
1548982800000,0.252,148
1549069200000,0.254,146
1549155600000,0.248,132
1549242000000,0.229,142
1549328400000,0.228,115
1549414800000,0.242,130
1549501200000,0.249,111
1549587600000,0.239,128
1549674000000,0.24,143
1549760400000,0.225,121
1549846800000,0.227,108
1549933200000,0.252,76
1550019600000,0.237,92
1550106000000,0.239,76
1550192400000,0.23,91
1550278800000,0.249,107
1550365200000,0.26,109
1550451600000,0.258,91
1550538000000,0.254,76
1550624400000,0.254,84
1550710800000,0.261,73
1550797200000,0.26,82
1550883600000,0.248,111
1550970000000,0.249,131
1551056400000,0.249,88
1551142800000,0.244,94
1551229200000,0.246,89
1551315600000,0.234,87
1551402000000,0.251,115
1551488400000,0.244,144
1551574800000,0.233,128
1551661200000,0.227,119
1551747600000,0.221,95
1551834000000,0.229,99
1551920400000,0.224,91
1552006800000,0.23,112
1552093200000,0.235,151
1552179600000,0.226,126
1552266000000,0.231,121
1552352400000,0.227,115
1552438800000,0.238,110
1552525200000,0.246,217
1552611600000,0.264,207
1552698000000,0.293,214
1552784400000,0.281,283
1552870800000,0.285,170
1552957200000,0.261,197
1553043600000,0.262,192
1553130000000,0.265,130
1553216400000,0.255,181
1553302800000,0.252,173
1553389200000,0.253,163
1553475600000,0.258,128
1553562000000,0.258,143
1553648400000,0.267,155
1553734800000,0.26,123
1553821200000,0.238,177
1553907600000,0.255,192
1553994000000,0.25,119
1554080400000,0.24,141
1554166800000,0.228,133
1554253200000,0.237,149
1554339600000,0.24,213
1554426000000,0.243,129
1554512400000,0.242,160
1554598800000,0.231,144
1554685200000,0.229,108
1554771600000,0.231,104
1554858000000,0.229,178
1554944400000,0.224,126
1555030800000,0.231,170
1555117200000,0.24,143
1555203600000,0.243,174
1555290000000,0.236,122
1555376400000,0.241,159
1555462800000,0.232,146
1555549200000,0.245,147
1555635600000,0.248,142
1555722000000,0.248,126
1555808400000,0.25,123
1555894800000,0.238,125
1555981200000,0.234,118
1556067600000,0.235,121
1556154000000,0.236,130
1556240400000,0.228,90
1556326800000,0.227,157
1556413200000,0.22,162
1556499600000,0.222,118
1556586000000,0.22,101
1556672400000,0.214,107
1556758800000,0.228,154
1556845200000,0.213,148
1556931600000,0.229,152
1557018000000,0.22,153
1557104400000,0.233,139
1557190800000,0.224,101
1557277200000,0.222,109
1557363600000,0.226,121
1557450000000,0.229,110
1557536400000,0.219,189
1557622800000,0.23,120
1557709200000,0.217,132
1557795600000,0.234,111
1557882000000,0.242,92
1557968400000,0.24,107
1558054800000,0.237,87
1558141200000,0.241,124
1558227600000,0.231,101
1558314000000,0.236,102
1558400400000,0.239,132
1558486800000,0.235,86
1558573200000,0.243,117
1558659600000,0.247,92
1558746000000,0.244,117
1558832400000,0.259,124
1558918800000,0.276,153
1559005200000,0.274,82
1559091600000,0.261,100
1559178000000,0.267,96
1559264400000,0.27,106
1559350800000,0.264,111
1559437200000,0.268,114
1559523600000,0.265,95
1559610000000,0.263,117
1559696400000,0.27,203
1559782800000,0.286,95
1559869200000,0.272,118
1559955600000,0.275,123
1560042000000,0.277,102
1560128400000,0.277,169
1560214800000,0.314,149
1560301200000,0.301,111
1560387600000,0.306,93
1560474000000,0.3,95
1560560400000,0.299,93
1560646800000,0.296,106
1560733200000,0.298,104
1560819600000,0.303,98
1560906000000,0.3,96
1560992400000,0.321,117
1561078800000,0.286,89
1561165200000,0.296,99
1561251600000,0.296,95
1561338000000,0.298,76
1561424400000,0.287,99
1561510800000,0.256,122
1561597200000,0.246,102
1561683600000,0.24,102
1561770000000,0.232,132
1561856400000,0.236,117
1561942800000,0.246,144
1562029200000,0.253,119
1562115600000,0.241,111
1562202000000,0.244,150
1562288400000,0.26,107
1562374800000,0.264,120
1562461200000,0.27,111
1562547600000,0.272,99
1562634000000,0.275,92
1562720400000,0.289,118
1562806800000,0.282,90
1562893200000,0.283,82
1562979600000,0.276,107
1563066000000,0.272,94
1563152400000,0.267,91
1563238800000,0.266,119
1563325200000,0.275,140
1563411600000,0.273,99
1563498000000,0.281,87
1563584400000,0.275,93
1563670800000,0.276,101
1563757200000,0.283,113
1563843600000,0.304,111
1563930000000,0.298,103
1564016400000,0.283,77
1564102800000,0.289,88
1564189200000,0.278,99
1564275600000,0.285,107
1564362000000,0.278,86
1564448400000,0.301,117
1564534800000,0.28,81
1564621200000,0.275,118
1564707600000,0.286,93
1564794000000,0.27,93
1564880400000,0.267,102
1564966800000,0.271,120
1565053200000,0.264,102
1565139600000,0.282,133
1565226000000,0.273,87
1565312400000,0.282,96
1565398800000,0.274,92
1565485200000,0.276,91
1565571600000,0.276,103
1565658000000,0.272,112
1565744400000,0.278,180
1565830800000,0.28,128
1565917200000,0.269,94
1566003600000,0.258,136
1566090000000,0.256,133
1566176400000,0.282,120
1566262800000,0.268,124
1566349200000,0.266,115
1566435600000,0.255,94
1566522000000,0.258,120
1566608400000,0.258,138
1566694800000,0.26,136
1566781200000,0.256,136
1566867600000,0.259,125
1566954000000,0.255,89
1567040400000,0.249,111
1567126800000,0.258,133
1567213200000,0.261,132
1567299600000,0.254,126
1567386000000,0.261,170
1567472400000,0.25,111
1567558800000,0.26,108
1567645200000,0.267,99
1567731600000,0.268,144
1567818000000,0.299,167
1567904400000,0.285,174
1567990800000,0.267,124
1568077200000,0.259,136
1568163600000,0.242,146
1568250000000,0.257,125
1568336400000,0.267,133
1568422800000,0.268,167
1568509200000,0.248,136
1568595600000,0.262,115
1568682000000,0.255,125
1568768400000,0.26,97
1568854800000,0.267,114
1568941200000,0.259,102
1569027600000,0.271,128
1569114000000,0.269,122
1569200400000,0.273,91
1569286800000,0.269,86
1569373200000,0.263,113
1569459600000,0.271,119
1569546000000,0.277,124
1569632400000,0.275,168
1569718800000,0.27,130
1569805200000,0.266,113
1569891600000,0.247,122
1569978000000,0.258,112
1570064400000,0.25,153
1570150800000,0.256,160
1570237200000,0.268,179
1570323600000,0.278,146
1570410000000,0.289,141
1570496400000,0.289,111
1570582800000,0.295,107
1570669200000,0.296,119
1570755600000,0.295,106
1570842000000,0.284,161
1570928400000,0.301,143
1571014800000,0.292,125
1571101200000,0.284,107
1571187600000,0.289,107
1571274000000,0.287,94
1571360400000,0.284,149
1571446800000,0.282,243
1571533200000,0.264,219
1571619600000,0.269,189
1571706000000,0.266,155
1571792400000,0.265,163
1571878800000,0.267,131
1571965200000,0.258,136
1572051600000,0.257,141
1572138000000,0.256,144
1572224400000,0.248,117
1572310800000,0.248,145
1572397200000,0.237,117
1572483600000,0.248,113
1572570000000,0.24,128
1572656400000,0.261,193
1572742800000,0.262,157
1572829200000,0.275,105
1572915600000,0.272,102
1573002000000,0.27,102
1573088400000,0.26,94
1573174800000,0.263,107
1573261200000,0.258,154
1573347600000,0.255,150
1573434000000,0.264,106
1573520400000,0.257,132
1573606800000,0.267,101
1573693200000,0.281,121
1573779600000,0.283,122
1573866000000,0.274,112
1573952400000,0.284,113
1574038800000,0.278,100
1574125200000,0.249,218
1574211600000,0.234,118
1574298000000,0.237,115
1574384400000,0.245,100
1574470800000,0.243,113
1574557200000,0.242,148
1574643600000,0.241,81
1574730000000,0.253,121
1574816400000,0.239,111
1574902800000,0.241,108
1574989200000,0.229,120
1575075600000,0.238,107
1575162000000,0.244,133
1575248400000,0.267,85
1575334800000,0.247,111
1575421200000,0.259,86
1575507600000,0.259,107
1575594000000,0.269,123
1575680400000,0.268,124
1575766800000,0.264,114
1575853200000,0.281,93
1575939600000,0.296,89
1576026000000,0.294,80
1576112400000,0.286,88
1576198800000,0.293,98
1576285200000,0.306,132
1576371600000,0.312,94
1576458000000,0.317,80
1576544400000,0.295,104
1576630800000,0.303,82
1576717200000,0.304,89
1576803600000,0.29,109
1576890000000,0.287,94
1576976400000,0.297,101
1577062800000,0.287,112
1577149200000,0.302,114
1577235600000,0.298,116
1577322000000,0.295,125
1577408400000,0.301,129
1577494800000,0.314,141
1577581200000,0.313,145
1577667600000,0.313,89
1577754000000,0.311,90
1577840400000,0.306,120
1577926800000,0.295,116
1578013200000,0.303,111
1578099600000,0.315,153
1578186000000,0.321,103
1578272400000,0.319,96
1578358800000,0.331,95
1578445200000,0.332,119
1578531600000,0.338,119
1578618000000,0.361,102
1578704400000,0.357,125
1578790800000,0.358,93
1578877200000,0.361,89
1578963600000,0.357,89
1579050000000,0.353,101
1579136400000,0.35,110
1579222800000,0.369,133
1579309200000,0.377,110
1579395600000,0.37,147
1579482000000,0.364,119
1579568400000,0.356,69
1579654800000,0.354,102
1579741200000,0.383,96
1579827600000,0.346,108
1579914000000,0.353,156
1580000400000,0.343,131
1580086800000,0.365,86
1580173200000,0.332,118
1580259600000,0.343,111
1580346000000,0.347,98
1580432400000,0.343,127
1580518800000,0.343,155
1580605200000,0.365,132
1580691600000,0.368,113
1580778000000,0.388,115
1580864400000,0.421,119
1580950800000,0.452,112
1581037200000,0.433,98
1581123600000,0.417,140
1581210000000,0.409,143
1581296400000,0.415,111
1581382800000,0.4,89
1581469200000,0.39,110
1581555600000,0.389,98
1581642000000,0.378,131
1581728400000,0.366,124
1581814800000,0.38,96
1581901200000,0.388,116
1581987600000,0.375,89
1582074000000,0.379,103
1582160400000,0.367,89
1582246800000,0.379,115
1582333200000,0.382,131
1582419600000,0.38,124
1582506000000,0.372,134
1582592400000,0.376,140
1582678800000,0.378,125
1582765200000,0.377,111
1582851600000,0.377,127
1582938000000,0.368,150
1583024400000,0.381,123
1583110800000,0.383,131
1583197200000,0.375,140
1583283600000,0.379,116
1583370000000,0.388,131
1583456400000,0.414,121
1583542800000,0.398,138
1583629200000,0.41,136
1583715600000,0.393,119
1583802000000,0.401,89
1583888400000,0.388,106
1583974800000,0.381,119
1584061200000,0.368,95
1584147600000,0.37,161
1584234000000,0.362,137
1584320400000,0.367,131
1584406800000,0.362,143
1584493200000,0.352,122
1584579600000,0.353,129
1584666000000,0.35,125
1584752400000,0.345,130
1584838800000,0.343,146
1584925200000,0.343,130
1585011600000,0.346,141
1585098000000,0.352,144
1585184400000,0.346,140
1585270800000,0.343,124
1585357200000,0.345,113
1585443600000,0.354,124
1585530000000,0.358,122
1585616400000,0.323,165
1585702800000,0.349,251
1585789200000,0.358,245
1585875600000,0.359,195
1585962000000,0.366,220
1586048400000,0.4,199
1586134800000,0.404,179
1586221200000,0.421,167
1586307600000,0.456,214
1586394000000,0.483,165
1586480400000,0.59,230
1586566800000,0.579,179
1586653200000,0.595,173
1586739600000,0.617,166
1586826000000,0.618,178
1586912400000,0.619,183
1586998800000,0.616,152
1587085200000,0.627,159
1587171600000,0.596,127
1587258000000,0.556,157
1587344400000,0.551,123
1587430800000,0.532,140
1587517200000,0.489,129
1587603600000,0.473,215
1587690000000,0.475,153
1587776400000,0.465,151
1587862800000,0.46,151
1587949200000,0.455,125
1588035600000,0.447,130
1588122000000,0.449,148
1588208400000,0.454,145
1588294800000,0.437,149
1588381200000,0.438,145
1588467600000,0.428,139
1588554000000,0.439,151
1588640400000,0.452,138
1588726800000,0.46,142
1588813200000,0.447,145
1588899600000,0.44,131
1588986000000,0.451,157
1589072400000,0.453,153
1589158800000,0.467,140
1589245200000,0.447,139
1589331600000,0.437,119
1589418000000,0.429,125
1589504400000,0.413,124
1589590800000,0.418,130
1589677200000,0.408,96
1589763600000,0.414,122
1589850000000,0.426,119
1589936400000,0.418,114
1590022800000,0.423,128
1590109200000,0.399,118
1590195600000,0.411,146
1590282000000,0.4,139
1590368400000,0.412,133
1590454800000,0.411,134
1590541200000,0.407,110
1590627600000,0.412,121
1590714000000,0.392,126
1590800400000,0.396,115
1590886800000,0.389,144
1590973200000,0.414,166
1591059600000,0.428,126
1591146000000,0.417,97
1591232400000,0.428,119
1591318800000,0.422,114
1591405200000,0.429,117
1591491600000,0.461,128
1591578000000,0.451,139
1591664400000,0.467,91
1591750800000,0.433,110
1591837200000,0.433,88
1591923600000,0.429,92
1592010000000,0.419,108
1592096400000,0.417,119
1592182800000,0.412,103
1592269200000,0.404,110
1592355600000,0.413,94
1592442000000,0.415,98
1592528400000,0.419,84
1592614800000,0.41,89
1592701200000,0.404,101
1592787600000,0.416,82
1592874000000,0.411,89
1592960400000,0.397,96
1593046800000,0.381,117
1593133200000,0.37,126
1593219600000,0.356,120
1593306000000,0.365,110
1593392400000,0.357,101
1593478800000,0.353,120
1593565200000,0.371,128
1593651600000,0.37,95
1593738000000,0.37,98
1593824400000,0.375,99
1593910800000,0.369,83
1593997200000,0.371,102
1594083600000,0.371,97
1594170000000,0.376,97
1594256400000,0.348,102
1594342800000,0.376,98
1594429200000,0.376,82
1594515600000,0.368,92
1594602000000,0.369,79
1594688400000,0.377,87
1594774800000,0.375,91
1594861200000,0.381,105
1594947600000,0.379,108
1595034000000,0.371,82
1595120400000,0.349,79
1595206800000,0.37,116
1595293200000,0.37,70
1595379600000,0.379,95
1595466000000,0.387,86
1595552400000,0.386,90
1595638800000,0.361,93
1595725200000,0.392,95
1595811600000,0.381,94
1595898000000,0.364,101
1595984400000,0.367,96
1596070800000,0.374,101
1596157200000,0.396,123
1596243600000,0.395,108
1596330000000,0.404,99
1596416400000,0.399,104
1596502800000,0.416,99
1596589200000,0.423,89
1596675600000,0.403,89
1596762000000,0.389,102
1596848400000,0.419,113
1596934800000,0.417,101
1597021200000,0.428,112
1597107600000,0.428,98
1597194000000,0.413,95
1597280400000,0.411,118
1597366800000,0.403,95
1597453200000,0.412,84
1597539600000,0.405,108
1597626000000,0.399,89
1597712400000,0.386,106
1597798800000,0.405,113
1597885200000,0.396,91
1597971600000,0.377,96
1598058000000,0.363,121
1598144400000,0.364,138
1598230800000,0.371,94
1598317200000,0.376,94
1598403600000,0.379,108
1598490000000,0.357,101
1598576400000,0.363,81
1598662800000,0.363,100
1598749200000,0.366,91
1598835600000,0.37,113
1598922000000,0.36,85
1599008400000,0.362,95
1599094800000,0.359,95
1599181200000,0.355,90
1599267600000,0.356,110
1599354000000,0.348,107
1599440400000,0.36,96
1599526800000,0.36,89
1599613200000,0.347,78
1599699600000,0.358,83
1599786000000,0.345,87
1599872400000,0.365,106
1599958800000,0.358,114
1600045200000,0.366,73
1600131600000,0.362,96
1600218000000,0.372,94
1600304400000,0.348,87
1600390800000,0.352,107
1600477200000,0.354,107
1600563600000,0.343,116
1600650000000,0.351,101
1600736400000,11.627,101
1600822800000,0.347,77
1600909200000,0.343,76
1600995600000,0.34,97
1601082000000,0.347,115
1601168400000,0.342,112
1601254800000,0.351,99
1601341200000,0.345,95
1601427600000,0.352,84
1601514000000,0.338,77
1601600400000,0.346,92
1601686800000,0.339,91
1601773200000,0.348,102
1601859600000,0.34,84
1601946000000,0.338,96
1602032400000,0.347,104
1602118800000,0.355,90
1602205200000,0.339,98
1602291600000,0.345,94
1602378000000,0.345,99
1602464400000,0.355,94
1602550800000,0.346,94
1602637200000,0.352,84
1602723600000,0.339,72
1602810000000,0.344,85
1602896400000,0.345,105
1602982800000,0.352,104
1603069200000,0.345,78
1603155600000,0.35,83
1603242000000,0.358,89
1603328400000,0.348,99
1603414800000,0.365,85
1603501200000,0.352,105
1603587600000,0.353,83
1603674000000,0.361,84
1603760400000,0.346,89
1603846800000,0.355,74
1603933200000,0.356,88
1604019600000,0.342,84
1604106000000,0.334,90
1604192400000,0.345,114
1604278800000,0.358,67
1604365200000,0.38,110
1604451600000,0.339,90
1604538000000,0.359,99
1604624400000,0.366,88
1604710800000,0.363,94
1604797200000,0.365,83
1604883600000,0.359,83
1604970000000,0.379,85
1605056400000,0.392,87
1605142800000,13.102,69
1605229200000,0.372,81
1605315600000,0.388,99
1605402000000,0.375,79
1605488400000,0.374,85
1605574800000,0.402,78
1605661200000,0.41,135
1605747600000,0.406,90
1605834000000,0.436,129
1605920400000,0.431,84
1606006800000,0.446,100
1606093200000,0.432,75
1606179600000,0.43,68
1606266000000,0.418,82
1606352400000,0.422,125
1606438800000,0.397,113
1606525200000,0.375,99
1606611600000,0.394,114
1606698000000,0.399,88
1606784400000,0.384,78
1606870800000,0.394,87
1606957200000,0.373,92
1607043600000,0.348,130
1607130000000,0.364,98
1607216400000,0.358,94
1607302800000,0.376,88
1607389200000,0.361,93
1607475600000,0.355,93
1607562000000,0.355,91
1607648400000,0.361,91
1607734800000,0.376,113
1607821200000,0.364,86
1607907600000,0.372,105
1607994000000,0.375,96
1608080400000,0.385,110
1608166800000,0.367,93
1608253200000,0.405,114
1608339600000,0.395,115
1608426000000,0.401,104
1608512400000,0.394,100
1608598800000,0.391,102
1608685200000,0.393,106
1608771600000,0.375,113
1608858000000,0.4,111
1608944400000,0.39,123
1609030800000,0.408,89
1609117200000,0.405,120
1609203600000,0.414,106
1609290000000,0.424,124
1609376400000,0.43,96
1609462800000,0.439,105
1609549200000,0.431,124
1609635600000,0.436,112
1609722000000,0.43,125
1609808400000,0.426,121
1609894800000,0.445,119
1609981200000,0.443,125
1610067600000,0.456,120
1610154000000,0.471,124
1610240400000,0.512,111
1610326800000,0.505,86
1610413200000,0.506,101
1610499600000,0.507,88
1610586000000,0.508,109
1610672400000,0.476,105
1610758800000,0.485,107
1610845200000,0.46,108
1610931600000,0.467,110
1611018000000,0.482,111
1611104400000,0.471,111
1611190800000,0.482,129
1611277200000,0.488,122
1611363600000,0.488,119
1611450000000,0.463,126
1611536400000,0.446,120
1611622800000,0.468,113
1611709200000,0.48,127
1611795600000,0.46,162
1611882000000,0.463,104
1611968400000,0.451,108
1612054800000,0.443,105
1612141200000,0.462,109
1612227600000,0.458,88
1612314000000,0.45,119
1612400400000,0.464,85
1612486800000,0.446,104
1612573200000,0.456,110
1612659600000,0.439,101
1612746000000,0.441,96
1612832400000,0.451,105
1612918800000,0.453,105
1613005200000,0.439,126
1613091600000,0.43,110
1613178000000,0.423,124
1613264400000,0.409,125
1613350800000,0.425,105
1613437200000,0.417,115
1613523600000,0.465,129
1613610000000,0.427,112
1613696400000,0.428,107
1613782800000,0.413,105
1613869200000,0.424,110
1613955600000,0.429,111
1614042000000,0.422,152
1614128400000,0.425,128
1614214800000,0.442,124
1614301200000,0.429,133
1614387600000,0.442,148
1614474000000,0.456,164
1614560400000,0.484,111
1614646800000,0.486,109
1614733200000,0.47,112
1614819600000,0.481,113
1614906000000,0.466,119
1614992400000,0.471,142
1615078800000,0.497,142
1615165200000,0.492,152
1615251600000,0.485,129
1615338000000,0.495,147
1615424400000,0.471,128
1615510800000,0.459,163
1615597200000,0.476,184
1615683600000,0.46,129
1615770000000,0.467,138
1615856400000,0.479,120
1615942800000,0.456,140
1616029200000,0.443,137
1616115600000,0.467,186
1616202000000,0.446,163
1616288400000,0.454,137
1616374800000,0.439,144
1616461200000,0.447,115
1616547600000,0.457,136
1616634000000,0.45,146
1616720400000,0.447,125
1616806800000,0.443,138
1616893200000,0.451,120
1616979600000,0.457,148
1617066000000,0.45,136
1617152400000,0.448,142
1617238800000,0.429,113
1617325200000,0.427,127
1617411600000,0.439,141
1617498000000,0.447,166
1617584400000,0.452,139
1617670800000,0.456,142
1617757200000,0.432,158
1617843600000,0.4,160
1617930000000,0.389,168
1618016400000,0.391,165
1618102800000,0.419,122
1618189200000,0.388,107
1618275600000,0.385,104
1618362000000,0.392,36
1618448400000,0.384,120
1618534800000,0.374,126
1618621200000,0.371,122
1618707600000,0.378,106
1618794000000,0.385,124
1618880400000,0.389,130
1618966800000,0.381,102
1619053200000,0.41,109
1619139600000,0.386,94
1619226000000,0.385,103
1619312400000,0.375,106
1619398800000,0.387,116
1619485200000,0.374,123
1619571600000,0.374,112
1619658000000,0.38,99
1619744400000,0.374,103
1619830800000,0.375,108
1619917200000,0.38,154
1620003600000,0.372,109
1620090000000,0.381,159
1620176400000,0.395,155
1620262800000,0.409,155
1620349200000,0.398,140
1620435600000,0.404,156
1620522000000,0.403,141
1620608400000,0.419,122
1620694800000,0.421,131
1620781200000,0.423,135
1620867600000,0.417,119
1620954000000,0.396,128
1621040400000,0.408,134
1621126800000,0.417,118
1621213200000,0.426,137
1621299600000,0.436,123
1621386000000,0.454,115
1621472400000,0.461,189
1621558800000,0.452,176
1621645200000,0.441,197
1621731600000,0.431,276
1621818000000,0.523,214
1621904400000,0.542,144
1621990800000,0.548,133
1622077200000,0.542,127
1622163600000,0.494,114
1622250000000,0.44,111
1622336400000,0.436,129
1622422800000,0.427,107
1622509200000,0.576,104
1622595600000,0.42,107
1622682000000,0.422,169
1622768400000,0.419,125
1622854800000,0.416,141
1622941200000,0.422,111
1623027600000,0.401,116
1623114000000,0.378,128
1623200400000,0.393,130
1623286800000,0.422,115
1623373200000,0.404,98
1623459600000,0.384,111
1623546000000,0.386,104
1623632400000,0.381,96
1623718800000,0.369,94
1623805200000,0.366,100
1623891600000,0.367,86
1623978000000,0.367,90
1624064400000,0.35,114
1624150800000,0.355,98
1624237200000,0.35,105
1624323600000,0.351,114
1624410000000,0.351,119
1624496400000,0.344,90
1624582800000,0.325,115
1624669200000,0.331,119
1624755600000,0.329,93
1624842000000,0.327,90
1624928400000,0.323,101
1625014800000,0.317,73
1625101200000,0.306,102
1625187600000,0.317,118
1625274000000,0.322,92
1625360400000,0.316,115
1625446800000,0.305,79
1625533200000,0.313,103
1625619600000,0.331,103
1625706000000,0.325,96
1625792400000,0.328,97
1625878800000,0.329,85
1625965200000,0.327,85
1626051600000,0.339,103
1626138000000,0.343,86
1626224400000,0.339,95
1626310800000,0.354,67
1626397200000,0.336,61
1626483600000,0.336,89
1626570000000,0.342,82
1626656400000,0.342,69
1626742800000,0.338,81
1626829200000,0.34,87
1626915600000,0.338,63
1627002000000,0.339,81
1627088400000,0.339,92
1627174800000,0.343,104
1627261200000,0.344,89
1627347600000,0.352,60
1627434000000,0.351,95
1627520400000,0.347,88
1627606800000,0.319,65
1627693200000,0.325,78
1627779600000,0.33,76
1627866000000,1.001,94
1627952400000,0.338,72
1628038800000,0.337,74
1628125200000,0.334,60
1628211600000,0.342,89
1628298000000,0.323,84
1628384400000,0.33,79
1628470800000,0.339,93
1628557200000,0.339,99
1628643600000,0.323,92
1628730000000,0.329,97
1628816400000,0.331,86
1628902800000,0.334,70
1628989200000,0.348,93
1629075600000,0.371,93
1629162000000,0.368,83
1629248400000,0.342,74
1629334800000,0.38,72
1629421200000,0.382,98
1629507600000,0.381,60
1629594000000,0.353,69
1629680400000,0.352,66
1629766800000,0.357,65
1629853200000,0.369,78
1629939600000,0.363,81
1630026000000,0.362,76
1630112400000,0.369,90
1630198800000,0.367,84
1630285200000,0.366,77
1630371600000,0.331,67
1630458000000,0.344,67
1630544400000,0.355,52
1630630800000,0.343,73
1630717200000,0.357,76
1630803600000,0.356,71
1630890000000,0.446,63
1630976400000,0.346,92
1631062800000,0.341,79
1631149200000,0.351,71
1631235600000,0.328,91
1631322000000,0.312,96
1631408400000,0.323,78
1631494800000,0.309,76
1631581200000,0.3,65
1631667600000,0.314,94
1631754000000,0.313,85
1631840400000,0.3,84
1631926800000,0.312,77
1632013200000,0.312,82
1632099600000,0.326,76
1632186000000,0.308,72
1632272400000,0.285,162
1632358800000,0.279,98
1632445200000,0.291,91
1632531600000,0.292,102
1632618000000,0.291,85
1632704400000,0.288,75
1632790800000,0.282,74
1632877200000,0.287,67
1632963600000,0.277,74
1633050000000,0.295,85
1633136400000,0.292,87
1633222800000,0.296,92
1633309200000,0.31,93
1633395600000,0.294,73
1633482000000,0.299,67
1633568400000,0.307,80
1633654800000,0.306,65
1633741200000,0.304,109
1633827600000,0.311,90
1633914000000,0.315,60
1634000400000,0.305,103
1634086800000,0.318,51
1634173200000,0.313,90
1634259600000,0.319,56
1634346000000,0.323,69
1634432400000,0.319,87
1634518800000,0.31,86
1634605200000,0.303,72
1634691600000,0.313,84
1634778000000,0.324,73
1634864400000,0.289,78
1634950800000,0.293,59
1635037200000,0.285,68
1635123600000,0.298,69
1635210000000,0.296,74
1635296400000,0.362,52
1635382800000,0.299,55
1635469200000,0.29,85
1635555600000,0.313,68
1635642000000,0.303,71
1635728400000,0.319,93
1635814800000,0.34,64
1635901200000,0.333,77
1635987600000,0.349,69
1636074000000,0.331,76
1636160400000,0.33,81
1636246800000,0.318,85
1636333200000,0.317,92
1636419600000,0.32,69
1636506000000,0.304,76
1636592400000,0.287,72
1636678800000,0.278,77
1636765200000,0.298,89
1636851600000,0.309,77
1636938000000,0.305,61
1637024400000,0.295,68
1637110800000,0.322,48
1637197200000,0.318,83
1637283600000,0.318,106
1637370000000,0.318,77
1637456400000,0.313,72
1637542800000,0.332,52
1637629200000,0.321,61
1637715600000,0.312,61
1637802000000,0.291,70
1637888400000,0.29,72
1637974800000,0.284,81
1638061200000,0.295,79
1638147600000,0.28,69
1638234000000,0.282,89
1638320400000,0.287,67
1638406800000,0.291,54
1638493200000,0.283,57
1638579600000,0.299,100
1638666000000,0.334,109
1638752400000,0.354,59
1638838800000,0.424,57
1638925200000,0.361,64
1639011600000,0.36,179
1639098000000,0.352,75
1639184400000,0.365,93
1639270800000,0.378,81
1639357200000,0.393,84
1639443600000,0.402,59
1639530000000,0.417,54
1639616400000,0.385,37
1639702800000,0.381,46
1639789200000,0.347,65
1639875600000,0.336,60
1639962000000,0.345,71
1640048400000,0.347,49
1640134800000,0.358,55
1640221200000,0.37,61
1640307600000,0.349,77
1640394000000,0.362,80
1640480400000,0.372,71
1640566800000,0.377,69
1640653200000,0.351,63
1640739600000,0.366,73
1640826000000,0.366,74
1640912400000,0.356,42
1640998800000,0.352,59
1641085200000,0.351,76
1641171600000,0.374,90
1641258000000,0.431,119
1641344400000,0.469,70
1641430800000,0.448,101
1641517200000,0.408,53
1641603600000,0.401,58
1641690000000,0.419,79
1641776400000,0.441,45
1641862800000,0.417,51
1641949200000,0.436,67
1642035600000,0.421,73
1642122000000,0.423,72
1642208400000,0.397,92
1642294800000,0.391,96
1642381200000,0.383,70
1642467600000,0.415,74
1642554000000,0.386,66
1642640400000,0.388,63
1642726800000,0.402,67
1642813200000,0.367,89
1642899600000,0.368,91
1642986000000,0.375,93
1643072400000,0.367,71
1643158800000,0.361,114
1643245200000,0.416,108
1643331600000,0.394,110
1643418000000,0.375,78
1643504400000,0.363,80
1643590800000,0.341,72
1643677200000,0.366,106
1643763600000,0.358,104
1643850000000,0.347,103
1643936400000,0.353,102
1644022800000,0.363,121
1644109200000,0.366,82
1644195600000,0.389,90
1644282000000,0.401,81
1644368400000,0.422,67
1644454800000,0.431,73
1644541200000,0.433,81
1644627600000,0.438,92
1644714000000,0.434,89
1644800400000,0.431,59
1644886800000,0.446,73
1644973200000,0.451,79
1645059600000,0.46,98
1645146000000,0.436,77
1645232400000,0.439,111
1645318800000,0.45,69
1645405200000,0.429,73
1645491600000,0.447,80
1645578000000,0.449,102
1645664400000,0.441,66
1645750800000,0.466,81
1645837200000,0.454,90
1645923600000,0.488,105
1646010000000,0.527,107
1646096400000,0.547,84
1646182800000,0.558,70
1646269200000,0.548,79
1646355600000,0.518,95
1646442000000,0.519,103
1646528400000,0.518,89
1646614800000,0.514,80
1646701200000,0.504,86
1646787600000,0.497,124
1646874000000,0.49,77
1646960400000,0.476,81
1647046800000,0.487,80
1647133200000,0.494,85
1647219600000,0.466,102
1647306000000,0.431,66
1647392400000,0.443,60
1647478800000,0.436,97
1647565200000,0.432,109
1647651600000,0.445,101
1647738000000,0.443,93
1647824400000,0.439,86
1647910800000,0.461,132
1647997200000,0.462,76
1648083600000,0.474,56
1648170000000,0.451,74
1648256400000,0.459,87
1648342800000,0.456,78
1648429200000,0.486,80
1648515600000,0.464,61
1648602000000,0.51,61
1648688400000,0.458,74
1648774800000,0.457,62
1648861200000,0.444,78
1648947600000,0.421,80
1649034000000,0.426,59
1649120400000,0.424,77
1649206800000,0.43,60
1649293200000,0.452,70
1649379600000,0.431,89
1649466000000,0.449,119
1649552400000,0.447,120
1649638800000,0.435,79
1649725200000,0.435,66
1649811600000,0.445,64
1649898000000,0.468,58
1649984400000,0.433,60
1650070800000,0.439,81
1650157200000,0.465,82
1650243600000,0.431,63
1650330000000,0.429,75
1650416400000,0.42,66
1650502800000,0.42,41
1650589200000,0.43,68
1650675600000,0.419,68
1650762000000,0.418,71
1650848400000,0.428,92
1650934800000,0.403,83
1651021200000,0.417,68
1651107600000,0.385,54
1651194000000,0.392,68
1651280400000,0.393,83
1651366800000,0.401,95
1651453200000,0.395,73
1651539600000,0.398,64
1651626000000,0.396,73
1651712400000,0.396,71
1651798800000,0.388,89
1651885200000,0.393,75
1651971600000,0.383,65
1652058000000,0.382,61
1652144400000,0.392,70
1652230800000,0.387,63
1652317200000,0.371,52
1652403600000,0.377,69
1652490000000,0.372,79
1652576400000,0.375,59
1652662800000,0.383,46
1652749200000,0.379,63
1652835600000,0.369,75
1652922000000,0.407,68
1653008400000,0.37,68
1653094800000,0.375,68
1653181200000,0.384,72
1653267600000,0.377,51
1653354000000,0.382,73
1653440400000,0.387,69
1653526800000,0.382,66
1653613200000,0.385,92
1653699600000,0.374,65
1653786000000,0.382,84
1653872400000,0.372,62
1653958800000,0.363,54
1654045200000,0.379,71
1654131600000,0.381,76
1654218000000,0.373,73
1654304400000,0.355,73
1654390800000,0.362,74
1654477200000,0.371,63
1654563600000,0.364,57
1654650000000,0.361,66
1654736400000,0.376,58
1654822800000,0.388,57
1654909200000,0.353,66
1654995600000,0.357,76
1655082000000,0.361,73
1655168400000,0.371,70
1655254800000,0.36,65
1655341200000,0.369,82
1655427600000,0.355,63
1655514000000,0.344,70
1655600400000,0.349,56
1655686800000,0.355,44
1655773200000,0.328,66
1655859600000,0.35,79
1655946000000,0.342,70
1656032400000,0.337,69
1656118800000,0.332,96
1656205200000,0.338,84
1656291600000,0.325,67
1656378000000,0.321,98
1656464400000,0.314,73
1656550800000,0.321,108
1656637200000,0.323,129
1656723600000,0.339,100
1656810000000,0.335,92
1656896400000,0.351,100
1656982800000,0.348,81
1657069200000,0.33,86
1657155600000,0.35,91
1657242000000,0.363,98
1657328400000,0.352,95
1657414800000,0.367,106
1657501200000,0.398,92
1657587600000,0.37,66
1657674000000,0.507,64
1657760400000,0.375,75
1657846800000,0.371,85
1657933200000,0.371,78
1658019600000,0.372,66
1658106000000,0.393,71
1658192400000,0.375,95
1658278800000,0.367,67
1658365200000,0.394,182
1658451600000,0.379,80
1658538000000,0.388,75
1658624400000,0.409,77
1658710800000,0.405,101
1658797200000,0.422,79
1658883600000,0.425,68
1658970000000,0.413,113
1659056400000,0.438,94
1659142800000,0.448,94
1659229200000,0.465,90
1659315600000,0.451,81
1659402000000,0.528,118
1659488400000,0.479,81
1659574800000,0.497,85
1659661200000,0.482,72
1659747600000,0.468,69
1659834000000,0.47,83
1659920400000,0.479,69
1660006800000,0.474,29
1660093200000,0.474,91
1660179600000,0.468,62
1660266000000,0.466,62
1660352400000,0.449,79
1660438800000,0.418,56
1660525200000,0.456,70
1660611600000,0.416,83
1660698000000,0.48,78
1660784400000,0.439,72
1660870800000,0.41,74
1660957200000,0.398,65
1661043600000,0.401,85
1661130000000,0.428,55
1661216400000,0.43,113
1661302800000,0.434,78
1661389200000,0.434,80
1661475600000,0.435,79
1661562000000,0.439,67
1661648400000,0.434,66
1661734800000,0.419,59
1661821200000,0.402,69
1661907600000,0.406,49
1661994000000,0.406,63
1662080400000,0.396,83
1662166800000,0.407,111
1662253200000,0.397,76
1662339600000,0.398,61
1662426000000,0.395,68
1662512400000,0.386,69
1662598800000,0.378,70
1662685200000,0.399,66
1662771600000,0.391,83
1662858000000,0.373,81
1662944400000,0.372,73
1663030800000,0.386,78
1663117200000,0.377,79
1663203600000,0.407,71
1663290000000,0.386,90
1663376400000,0.377,56
1663462800000,0.37,63
1663549200000,0.38,69
1663635600000,0.351,53
1663722000000,0.375,66
1663808400000,0.379,59
1663894800000,0.374,76
1663981200000,0.361,63
1664067600000,0.366,75
1664154000000,0.355,72
1664240400000,0.362,96
1664326800000,0.358,73
1664413200000,0.357,83
1664499600000,0.366,225
1664586000000,0.396,60
1664672400000,0.404,160
1664758800000,0.425,82
1664845200000,0.417,57
1664931600000,0.43,66
1665018000000,0.445,80
1665104400000,0.444,63
1665190800000,0.436,68
1665277200000,0.415,51
1665363600000,0.426,63
1665450000000,0.41,78
1665536400000,0.404,43
1665622800000,0.403,61
1665709200000,0.393,38
1665795600000,0.396,60
1665882000000,0.405,51
1665968400000,0.388,60
1666054800000,0.407,51
1666141200000,0.388,44
1666227600000,0.43,49
1666314000000,0.376,64
1666400400000,0.429,82
1666486800000,0.371,68
1666573200000,0.391,42
1666659600000,0.384,41
1666746000000,0.362,44
1666832400000,0.361,47
1666918800000,0.343,61
1667005200000,0.352,66
1667091600000,0.352,62
1667178000000,0.346,58
1667264400000,0.337,63
1667350800000,0.346,71
1667437200000,0.363,60
1667523600000,0.342,55
1667610000000,0.359,71
1667696400000,0.366,51
1667782800000,0.348,61
1667869200000,0.363,51
1667955600000,0.433,54
1668042000000,0.379,44
1668128400000,0.373,62
1668214800000,0.377,65
1668301200000,0.394,101
1668387600000,0.369,49
1668474000000,0.377,57
1668560400000,0.359,60
1668646800000,0.366,43
1668733200000,0.371,57
1668819600000,0.365,71
1668906000000,0.365,46
1668992400000,0.359,58
1669078800000,0.375,57
1669165200000,0.375,72
1669251600000,0.358,79
1669338000000,0.364,89
1669424400000,0.36,61
1669510800000,0.351,62
1669597200000,0.354,66
1669683600000,0.356,48
1669770000000,0.361,64
1669856400000,0.356,49
1669942800000,0.375,141
1670029200000,0.417,80
1670115600000,0.436,59
1670202000000,0.431,40
1670288400000,0.43,46
1670374800000,0.411,56
1670461200000,0.41,40
1670547600000,0.4,48
1670634000000,0.406,65
1670720400000,0.39,51
1670806800000,0.396,41
1670893200000,0.378,46
1670979600000,0.385,62
1671066000000,0.393,43
1671152400000,0.426,138
1671238800000,0.454,55
1671325200000,0.456,70
1671411600000,0.419,46
1671498000000,0.41,42
1671584400000,0.415,33
1671670800000,0.392,62
1671757200000,0.374,83
1671843600000,0.363,69
1671930000000,0.383,77
1672016400000,0.372,86
1672102800000,0.394,56
1672189200000,0.374,55
1672275600000,0.367,63
1672362000000,0.36,72
1672448400000,0.356,59
1672534800000,0.368,88
1672621200000,0.361,61
1672707600000,0.351,75
1672794000000,0.35,64
1672880400000,0.345,69
1672966800000,0.349,73
1673053200000,0.353,72
1673139600000,0.36,62
1673226000000,0.442,56
1673312400000,0.365,66
1673398800000,0.385,60
1673485200000,0.397,67
1673571600000,0.392,86
1673658000000,0.394,68
1673744400000,0.387,83
1673830800000,0.406,69
1673917200000,0.454,71
1674003600000,0.424,53
1674090000000,0.425,75
1674176400000,0.429,116
1674262800000,0.417,80
1674349200000,0.429,67
1674435600000,0.431,60
1674522000000,0.416,71
1674608400000,0.427,68
1674694800000,0.413,86
1674781200000,0.427,78
1674867600000,0.419,87
1674954000000,0.443,126
1675040400000,0.468,101
1675126800000,0.477,74
1675213200000,0.472,77
1675299600000,0.456,58
1675386000000,0.438,76
1675472400000,0.451,80
1675558800000,0.479,83
1675645200000,0.445,67
1675731600000,0.439,86
1675818000000,0.443,65
1675904400000,0.429,78
1675990800000,0.43,116
1676077200000,0.444,120
1676163600000,0.45,139
1676250000000,0.452,87
1676336400000,0.438,84
1676422800000,0.439,96
1676509200000,0.448,80
1676595600000,0.434,101
1676682000000,0.459,144
1676768400000,0.437,102
1676854800000,0.431,87
1676941200000,0.428,108
1677027600000,0.423,92
1677114000000,0.434,79
1677200400000,0.441,137
1677286800000,0.43,112
1677373200000,0.431,121
1677459600000,0.429,107
1677546000000,0.426,98
1677632400000,0.43,66
1677718800000,0.421,88
1677805200000,0.4,91
1677891600000,0.415,187
1677978000000,0.426,105
1678064400000,0.427,99
1678150800000,0.422,150
1678237200000,0.419,139
1678323600000,0.41,90
1678410000000,0.412,119
1678496400000,0.417,164
1678582800000,0.41,113
1678669200000,0.512,124
1678755600000,0.406,122
1678842000000,0.44,95
1678928400000,0.407,135
1679014800000,0.464,361
1679101200000,0.549,145
1679187600000,0.539,148
1679274000000,0.524,143
1679360400000,0.517,130
1679446800000,0.522,246
1679533200000,0.514,175
1679619600000,0.521,159
1679706000000,0.513,141
1679792400000,0.507,155
1679878800000,0.492,148
1679965200000,0.483,134
1680051600000,0.482,124
1680138000000,0.46,111
1680224400000,0.449,122
1680310800000,0.442,146
1680397200000,0.444,195
1680483600000,0.437,157
1680570000000,0.437,154
1680656400000,0.451,145
1680742800000,0.448,191
1680829200000,0.498,203
1680915600000,0.517,172
1681002000000,0.53,195
1681088400000,0.532,188
1681174800000,0.548,138
1681261200000,0.537,142
1681347600000,0.542,121
1681434000000,0.529,139
1681520400000,0.609,116
1681606800000,0.541,129
1681693200000,0.524,143
1681779600000,0.532,117
1681866000000,0.537,137
1681952400000,0.548,175
1682038800000,0.529,79
1682085600000,0.548,9
1682089200000,0.556,8
1682092800000,0.537,11
1682096400000,0.537,11
1682100000000,0.569,11
1682103600000,0.591,30
1682107200000,0.542,5
1682110800000,0.537,8
1682114400000,0.54,11
1682118000000,0.52,11
1682121600000,0.503,4
1682125200000,0.52,8
1682128800000,0.505,6
1682132400000,0.52,6
1682136000000,0.5,3
1682139600000,0.49,6
1682143200000,0.535,4
1682146800000,0.55,6
1682150400000,0.311,2
1682154000000,0.582,6
1682157600000,0.629,5
1682161200000,0.562,6
1682164800000,0.548,11
1682168400000,0.648,7
1682172000000,0.633,5
1682175600000,0.495,4
1682179200000,0.54,4
1682182800000,0.604,8
1682186400000,0.585,6
1682190000000,0.513,8
1682193600000,0.55,7
1682197200000,0.56,9
1682200800000,0.529,11
1682204400000,0.595,4
1682208000000,0.534,3
1682211600000,0.571,6
1682215200000,0.477,2
1682218800000,0.535,8
1682222400000,0.551,2
1682226000000,0.57,5
1682229600000,0.621,4
1682233200000,0.555,4
1682236800000,0.601,3
1682240400000,0.541,8
1682244000000,0.513,2
1682247600000,0.518,8
1682251200000,0.593,9
1682254800000,0.538,5
1682258400000,0.505,10
1682262000000,0.547,12
1682265600000,0.529,10
1682269200000,0.545,14
1682272800000,0.552,8
1682276400000,0.518,9
1682280000000,0.51,13
1682283600000,0.529,14
1682287200000,0.516,12
1682290800000,0.55,5
1682294400000,0.527,17
1682298000000,0.561,8
1682301600000,0.553,4
1682305200000,0.544,2
1682308800000,0.52,6
1682316000000,0.51,3
1682319600000,0.54,9
1682323200000,0.56,3
1682326800000,0.561,4
1682330400000,0.552,2
1682334000000,0.579,10
1682337600000,0.545,6
1682341200000,0.544,5
1682344800000,0.527,9
1682348400000,0.554,10
1682352000000,0.51,5
1682355600000,0.516,16
1682359200000,0.549,12
1682362800000,0.555,8
1682366400000,0.51,15
1682370000000,0.573,11
1682373600000,0.49,8
1682377200000,0.51,5
1682380800000,0.518,5
1682384400000,0.49,6
1682388000000,0.48,5
1682391600000,0.518,16
1682395200000,0.551,3
1682398800000,0.486,8
1682402400000,0.488,6
1682406000000,0.506,5
1682409600000,0.506,8
1682413200000,0.506,7
1682416800000,0.506,5
1682420400000,0.48,8
1682424000000,0.48,12
1682427600000,0.506,11
1682431200000,0.506,9
1682434800000,0.48,14
1682438400000,0.506,11
1682442000000,0.49,12
1682445600000,0.49,13
1682449200000,0.48,11
1682452800000,0.506,12
1682456400000,0.49,15
1682460000000,0.48,11
1682463600000,0.528,3
1682467200000,0.52,5
1682470800000,0.49,5
1682474400000,0.49,11
1682478000000,0.485,6
1682481600000,0.53,5
1682485200000,0.49,1
1682488800000,0.49,5
1682492400000,0.497,4
1682496000000,0.448,4
1682499600000,0.49,5
1682503200000,0.518,2
1682506800000,0.517,3
1682510400000,0.519,17
1682514000000,0.485,10
1682517600000,0.505,9
1682521200000,0.516,12
1682524800000,0.52,4
1682528400000,0.49,12
1682532000000,0.537,2
1682535600000,0.498,4
1682539200000,0.451,8
1682542800000,0.49,12
1682546400000,0.49,8
1682550000000,0.49,5
1682553600000,0.485,4
1682557200000,0.43,1
1682560800000,0.463,3
1682564400000,0.489,2
1682568000000,0.48,3
1682571600000,0.484,2
1682575200000,0.493,3
1682578800000,0.431,2
1682582400000,0.481,4
1682586000000,0.477,6
1682589600000,0.484,5
1682593200000,0.476,5
1682596800000,0.51,10
1682600400000,0.48,9
1682604000000,0.473,4
1682607600000,0.483,9
1682611200000,0.48,5
1682614800000,0.485,16
1682618400000,0.465,7
1682622000000,0.483,8
1682625600000,0.48,11
1682629200000,0.497,5
1682632800000,0.498,6
1682636400000,0.48,7
1682640000000,0.405,3
1682643600000,0.413,4
1682647200000,0.48,4
1682650800000,0.503,4
1682654400000,0.47,5
1682658000000,0.441,4
1682661600000,0.48,3
1682665200000,0.48,1
1682668800000,0.48,3
1682672400000,0.53,4
1682676000000,0.495,8
1682679600000,0.47,7
1682683200000,0.48,5
1682686800000,0.506,6
1682690400000,0.506,6
1682694000000,0.48,7
1682697600000,0.49,4
1682701200000,0.493,9
1682704800000,0.506,12
1682708400000,0.496,14
1682712000000,0.48,12
1682715600000,0.48,9
1682719200000,0.48,3
1682722800000,0.489,10
1682726400000,0.506,3
1682730000000,0.506,7
1682733600000,0.41,3
1682737200000,0.47,5
1682740800000,0.48,1
1682744400000,0.475,2
1682748000000,0.48,5
1682751600000,0.49,3
1682755200000,0.506,4
1682762400000,0.48,6
1682766000000,0.509,6
1682769600000,0.51,9
1682773200000,0.49,7
1682776800000,0.486,6
1682780400000,0.49,5
1682784000000,0.49,6
1682787600000,0.512,13
1682791200000,0.517,9
1682794800000,0.48,13
1682798400000,0.489,10
1682802000000,0.48,11
1682805600000,0.477,6
1682809200000,0.48,5
1682812800000,0.492,7
1682816400000,0.484,6
1682820000000,0.48,3
1682823600000,0.505,3
1682827200000,0.48,6
1682830800000,0.51,1
1682834400000,0.48,7
1682838000000,0.515,2
1682841600000,0.475,4
1682845200000,0.502,8
1682848800000,0.499,8
1682852400000,0.514,5
1682856000000,0.475,6
1682859600000,0.5,7
1682863200000,0.425,4
1682866800000,0.49,7
1682870400000,0.481,10
1682874000000,0.47,5
1682877600000,0.488,3
1682881200000,0.493,7
1682884800000,0.5,11
1682888400000,0.46,19
1682892000000,0.46,7
1682895600000,0.427,6
1682899200000,0.445,4
1682902800000,0.43,3
1682906400000,0.445,6
1682910000000,0.462,3
1682913600000,0.518,18
1682917200000,0.41,3
1682920800000,0.41,3
1682924400000,0.415,2
1682928000000,0.472,2
1682931600000,0.48,4
1682935200000,0.494,2
1682938800000,0.47,8
1682942400000,0.46,9
1682946000000,0.502,7
1682949600000,0.43,5
1682953200000,0.435,4
1682956800000,0.476,10
1682960400000,0.46,12
1682964000000,0.43,9
1682967600000,0.478,7
1682971200000,0.489,4
1682974800000,0.468,6
1682978400000,0.467,10
1682982000000,0.506,6
1682985600000,0.445,4
1682989200000,0.46,8
1682992800000,0.46,6
1682996400000,0.493,4
1683000000000,0.42,5
1683003600000,0.484,4
1683007200000,0.496,2
1683010800000,0.511,4
1683014400000,0.445,4
1683018000000,0.415,2
1683021600000,0.516,4
1683025200000,0.488,4
1683028800000,0.46,3
1683032400000,0.46,5
1683036000000,0.483,6
1683039600000,0.5,8
1683043200000,0.498,4
1683046800000,0.483,9
1683050400000,0.505,8
1683054000000,0.46,5
1683057600000,0.479,9
1683061200000,0.47,9
1683064800000,0.47,3
1683068400000,0.489,4
1683072000000,0.47,5
1683075600000,0.47,4
1683079200000,0.486,2
1683082800000,0.4,3
1683086400000,0.47,6
1683090000000,0.472,2
1683093600000,0.433,4
1683100800000,0.504,7
1683104400000,0.488,4
1683108000000,0.505,2
1683111600000,0.499,2
1683115200000,0.485,2
1683118800000,0.46,4
1683122400000,0.47,9
1683126000000,0.47,4
1683129600000,0.468,8
1683133200000,0.479,8
1683136800000,0.487,8
1683140400000,0.475,8
1683144000000,0.471,4
1683147600000,0.47,12
1683151200000,0.482,8
1683154800000,0.476,6
1683158400000,0.494,3
1683162000000,0.43,4
1683165600000,0.44,4
1683169200000,0.43,3
1683172800000,0.465,4
1683176400000,0.469,2
1683180000000,0.445,4
1683183600000,0.43,1
1683187200000,0.471,2
1683190800000,0.46,5
1683194400000,0.463,7
1683198000000,0.43,5
1683201600000,0.502,14
1683205200000,0.499,5
1683208800000,0.457,6
1683212400000,0.502,4
1683216000000,0.431,5
1683219600000,0.43,10
1683223200000,0.5,5
1683226800000,0.49,11
1683230400000,0.43,7
1683234000000,0.485,3
1683237600000,0.416,6
1683241200000,0.46,5
1683244800000,0.452,5
1683248400000,0.42,7
1683252000000,0.43,4
1683255600000,0.452,3
1683259200000,0.49,1
1683262800000,0.43,5
1683266400000,0.46,5
1683270000000,0.445,6
1683273600000,0.461,7
1683277200000,0.43,7
1683280800000,0.46,9
1683284400000,0.43,9
1683288000000,0.432,8
1683291600000,0.46,8
1683295200000,0.486,5
1683298800000,0.452,5
1683302400000,0.467,8
1683306000000,0.459,8
1683309600000,0.42,11
1683313200000,0.448,3
1683316800000,0.441,7
1683320400000,0.43,10
1683324000000,0.425,10
1683327600000,0.425,6
1683331200000,0.461,4
1683334800000,0.46,3
1683338400000,0.43,2
1683342000000,0.422,2
1683345600000,0.43,6
1683349200000,0.405,3
1683352800000,0.455,6
1683356400000,0.417,8
1683360000000,0.408,4
1683363600000,0.47,6
1683367200000,0.473,4
1683370800000,0.45,2
1683374400000,0.474,5
1683378000000,0.446,8
1683381600000,0.461,5
1683385200000,0.45,8
1683388800000,0.465,4
1683392400000,0.435,12
1683396000000,0.43,5
1683399600000,0.43,7
1683403200000,0.445,12
1683406800000,0.428,15
1683410400000,0.427,3
1683414000000,0.434,10
1683417600000,0.44,4
1683421200000,0.417,3
1683424800000,0.409,4
1683428400000,0.425,3
1683432000000,0.442,5
1683435600000,0.421,2
1683439200000,0.451,6
1683442800000,0.41,6
1683446400000,0.465,3
1683450000000,0.415,7
1683453600000,0.445,7
1683457200000,0.392,7
1683460800000,0.431,10
1683464400000,0.461,9
1683468000000,0.472,5
1683471600000,0.455,3
1683475200000,0.439,4
1683478800000,0.42,11
1683482400000,0.465,9
1683486000000,0.46,5
1683489600000,0.461,11
1683493200000,0.42,10
1683496800000,0.42,9
1683500400000,0.441,5
1683504000000,0.42,7
1683507600000,0.42,3
1683511200000,0.42,3
1683514800000,0.42,6
1683518400000,0.443,2
1683522000000,0.44,2
1683525600000,0.461,8
1683529200000,0.43,7
1683532800000,0.438,2
1683536400000,0.42,5
1683540000000,0.387,7
1683543600000,0.261,2
1683547200000,0.439,7
1683550800000,0.452,8
1683554400000,0.473,5
1683558000000,0.411,4
1683561600000,0.42,7
1683565200000,0.428,11
1683568800000,0.42,10
1683572400000,0.441,6
1683576000000,0.435,8
1683579600000,0.459,6
1683583200000,0.454,6
1683586800000,0.42,2
1683590400000,0.337,1
1683594000000,0.42,1
1683597600000,0.42,5
1683604800000,0.44,2
1683612000000,0.43,4
1683615600000,0.42,6
1683619200000,0.42,3
1683622800000,0.415,2
1683626400000,0.466,3
1683630000000,0.405,4
1683633600000,0.407,2
1683637200000,0.436,10
1683640800000,0.43,5
1683644400000,0.452,9
1683648000000,0.455,12
1683651600000,0.459,4
1683655200000,0.466,5
1683658800000,0.454,4
1683662400000,0.43,7
1683666000000,0.454,6
1683669600000,0.43,8
1683673200000,0.403,1
1683676800000,0.479,4
1683680400000,0.43,5
1683684000000,0.463,1
1683687600000,0.43,5
1683691200000,0.41,1
1683694800000,0.445,4
1683698400000,0.385,1
1683702000000,0.43,7
1683705600000,0.45,3
1683709200000,0.446,4
1683712800000,0.46,1
1683716400000,0.472,2
1683720000000,0.466,3
1683723600000,0.43,5
1683727200000,0.472,10
1683730800000,0.392,4
1683734400000,0.425,4
1683738000000,0.44,8
1683741600000,0.439,4
1683745200000,0.4,1
1683748800000,0.441,8
1683752400000,0.444,8
1683756000000,0.43,6
1683759600000,0.467,3
1683763200000,0.43,1
1683766800000,0.43,4
1683770400000,0.455,5
1683774000000,0.446,2
1683777600000,0.4,1
1683781200000,0.43,1
1683784800000,0.43,1
1683788400000,0.461,7
1683792000000,0.43,6
1683795600000,0.43,2
1683799200000,0.434,4
1683802800000,0.446,6
1683806400000,0.43,4
1683810000000,0.43,5
1683813600000,0.439,7
1683817200000,0.439,9
1683820800000,0.43,7
1683824400000,0.472,6
1683828000000,0.47,8
1683831600000,0.461,9
1683835200000,0.41,4
1683838800000,0.445,7
1683842400000,0.451,4
1683846000000,0.459,2
1683849600000,0.46,5
1683853200000,0.46,5
1683856800000,0.4,3
1683860400000,0.43,1
1683864000000,0.471,1
1683867600000,0.465,4
1683871200000,0.47,1
1683874800000,0.465,4
1683878400000,0.411,2
1683882000000,0.41,4
1683885600000,0.401,3
1683889200000,0.44,3
1683892800000,0.339,3
1683896400000,0.41,1
1683900000000,0.42,6
1683903600000,0.436,5
1683907200000,0.42,21
1683910800000,0.447,6
1683914400000,0.432,9
1683918000000,0.444,10
1683921600000,0.435,10
1683925200000,0.426,6
1683928800000,0.306,2
1683932400000,0.405,8
1683936000000,0.438,7
1683939600000,0.413,2
1683943200000,0.427,5
1683946800000,0.452,3
1683950400000,0.48,2
1683954000000,0.437,4
1683957600000,0.421,2
1683961200000,0.435,1
1683964800000,0.428,5
1683968400000,0.348,3
1683972000000,0.446,5
1683975600000,0.384,5
1683979200000,0.436,3
1683982800000,0.448,4
1683986400000,0.444,6
1683990000000,0.438,6
1683993600000,0.41,6
1683997200000,0.427,11
1684000800000,0.46,5
1684004400000,0.374,2
1684008000000,0.411,4
1684011600000,0.457,7
1684015200000,0.451,6
1684018800000,0.39,5
1684022400000,0.4,6
1684026000000,0.381,4
1684029600000,0.424,6
1684033200000,0.462,4
1684036800000,0.394,4
1684040400000,0.4,3
1684044000000,0.433,4
1684047600000,0.419,4
1684051200000,0.448,10
1684054800000,0.461,7
1684058400000,0.467,3
1684062000000,0.461,5
1684065600000,0.41,5
1684069200000,0.456,4
1684072800000,0.457,11
1684076400000,0.424,7
1684080000000,0.448,9
1684083600000,0.429,6
1684087200000,0.467,4
1684090800000,0.417,6
1684094400000,0.458,8
1684098000000,0.451,10
1684101600000,0.457,3
1684105200000,0.4,7
1684108800000,0.457,3
1684112400000,0.495,2
1684116000000,0.478,2
1684119600000,0.405,6
1684123200000,0.4,1
1684126800000,0.437,3
1684130400000,0.448,3
1684134000000,0.457,5
1684137600000,0.464,3
1684141200000,0.407,3
1684144800000,0.374,2
1684148400000,0.452,6
1684152000000,0.459,3
1684155600000,0.45,5
1684159200000,0.443,3
1684162800000,0.389,2
1684166400000,0.467,8
1684170000000,0.382,6
1684173600000,0.413,7
1684177200000,0.409,6
1684180800000,0.405,9
1684184400000,0.403,4
1684188000000,0.406,10
1684191600000,0.43,11
1684195200000,0.435,5
1684198800000,0.43,3
1684202400000,0.438,1
1684206000000,0.455,4
1684209600000,0.436,3
1684213200000,0.41,9
1684216800000,0.417,4
1684220400000,0.439,1
1684224000000,0.379,3
1684227600000,0.41,4
1684231200000,0.423,4
1684234800000,0.406,4
1684238400000,0.339,1
1684242000000,0.421,3
1684245600000,0.446,6
1684249200000,0.436,4
1684252800000,0.448,4
1684256400000,0.432,4
1684260000000,0.41,11
1684263600000,0.422,10
1684267200000,0.41,9
1684270800000,0.482,6
1684274400000,0.429,4
1684281600000,0.41,5
1684285200000,0.412,3
1684288800000,0.41,3
1684292400000,0.424,6
1684296000000,0.446,5
1684299600000,0.406,3
1684303200000,0.329,1
1684306800000,0.425,4
1684310400000,0.41,4
1684314000000,0.434,5
1684317600000,0.413,2
1684321200000,0.438,4
1684324800000,0.45,1
1684328400000,0.43,7
1684332000000,0.43,7
1684335600000,0.451,5
1684339200000,0.43,9
1684342800000,0.438,4
1684346400000,0.43,3
1684350000000,0.43,9
1684353600000,0.446,7
1684357200000,0.443,5
1684360800000,0.443,7
1684364400000,0.443,5
1684368000000,0.397,5
1684371600000,0.43,9
1684375200000,0.43,3
1684378800000,0.42,3
1684386000000,0.4,1
1684389600000,0.458,3
1684393200000,0.439,2
1684396800000,0.459,3
1684400400000,0.425,2
1684404000000,0.404,4
1684407600000,0.457,8
1684411200000,0.43,4
1684414800000,0.43,5
1684418400000,0.451,10
1684422000000,0.438,2
1684425600000,0.43,6
1684429200000,0.43,6
1684432800000,0.46,10
1684436400000,0.43,10
1684440000000,0.42,7
1684443600000,0.425,6
1684447200000,0.43,7
1684450800000,0.447,4
1684454400000,0.41,4
1684458000000,0.452,1
1684461600000,0.43,5
1684465200000,0.393,2
1684468800000,0.43,1
1684472400000,0.45,3
1684476000000,0.474,2
1684479600000,0.43,4
1684483200000,0.404,5
1684486800000,0.459,6
1684490400000,0.426,2
1684494000000,0.454,7
1684497600000,0.442,5
1684501200000,0.43,7
1684504800000,0.43,5
1684508400000,0.43,5
1684512000000,0.455,10
1684515600000,0.43,8
1684519200000,0.43,6
1684522800000,0.41,9
1684526400000,0.44,14
1684530000000,0.436,8
1684533600000,0.453,13
1684537200000,0.46,5
1684540800000,0.461,4
1684544400000,0.43,4
1684548000000,0.459,2
1684551600000,0.445,2
1684555200000,0.425,6
1684558800000,0.445,4
1684562400000,0.43,5
1684566000000,0.44,6
1684569600000,0.43,5
1684573200000,0.43,6
1684576800000,0.453,3
1684580400000,0.43,3
1684584000000,0.42,5
1684587600000,0.464,5
1684591200000,0.454,7
1684594800000,0.465,7
1684598400000,0.46,7
1684602000000,0.43,5
1684605600000,0.43,12
1684609200000,0.42,7
1684612800000,0.43,16
1684616400000,0.42,5
1684620000000,0.442,7
1684623600000,0.453,5
1684627200000,0.43,4
1684630800000,0.46,1
1684634400000,0.44,2
1684638000000,0.47,11
1684641600000,0.43,1
1684645200000,0.464,6
1684648800000,0.464,5
1684652400000,0.453,5
1684656000000,0.45,4
1684659600000,0.451,4
1684663200000,0.448,4
1684666800000,0.453,7
1684670400000,0.43,7
